id,name,nationality,city,latitude,longitude,gender,ethnic_group,age,english_grade,math_grade,sciences_grade,language_grade,portfolio_rating,coverletter_rating,refletter_rating
0,Kiana Lor,China,Suzhou,31.31,120.62,F,NA,22,3.5,3.7,3.1,1.0,4.0,4.0,4.0
1,Joshua Lonaker,United States of America,Santa Clarita,34.39,-118.54,M,NA,22,2.9,3.2,3.6,5.0,5.0,4.0,5.0
2,Dakota Blanco,United States of America,Oakland,37.8,-122.27,F,NA,22,3.9,3.8,3.2,5.0,3.0,3.0,4.0
3,Natasha Yarusso,United States of America,Castro Valley,37.69,-122.09,F,NA,20,3.3,2.8,3.2,5.0,5.0,2.0,4.0
4,Brooke Cazares,Brazil,São José dos Campos,-23.18,-45.88,F,NA,21,3.7,2.6,3.4,1.0,4.0,4.0,5.0
5,Rochelle Johnson,United States of America,Indianapolis,39.77,-86.16,F,NA,21,3.4,3.1,3.7,5.0,2.0,4.0,4.0
6,Joey Abreu,China,Shenyang,41.79,123.43,M,NA,22,3.7,3.9,3.6,2.0,5.0,5.0,5.0
7,Preston Suarez,Brazil,São Paulo,-23.47,-46.67,M,NA,22,3.8,3.7,3.6,2.0,5.0,5.0,4.0
8,Lee Dong,Philippines,Manila,14.6,120.98,F,NA,24,3.9,3.6,3.2,2.0,4.0,3.0,5.0
9,Maa'iz al-Dia,Turkey,Istanbul,41.02,28.96,M,NA,22,2.4,2.8,3.8,3.0,5.0,5.0,4.0
10,Maja Nicholson,United States of America,Dallas,32.78,-96.8,F,NA,23,3.4,3.5,3.2,5.0,4.0,2.0,5.0
11,Sasha Jansen,United States of America,Chicago,41.85,-87.65,F,NA,21,1.7,4.0,3.6,5.0,4.0,4.0,5.0
12,Alexander Sherman,United States of America,Omaha,41.26,-95.94,M,NA,20,3.8,3.6,3.9,5.0,4.0,4.0,5.0
13,Edgar Sanchez,Mexico,Tijuana,32.53,-117.02,M,NA,23,3.7,3.5,4.0,4.0,4.0,5.0,5.0
14,Kolbi Strunk,United States of America,Mission Viejo,33.6,-117.67,M,NA,21,3.2,3.9,3.3,5.0,4.0,3.0,4.0
15,Brittany Sath,Japan,Tokyo,35.69,139.75,F,NA,21,4.0,3.9,3.7,3.0,5.0,3.0,5.0
16,Meggan Smith,United States of America,Los Angeles,34.05,-118.24,F,NA,21,2.9,3.4,3.6,5.0,2.0,5.0,4.0
17,Ericka Arreola,Mexico,Mexico,19.43,-99.14,other,NA,23,3.1,3.5,2.8,4.0,4.0,3.0,4.0
18,David Pulc,Canada,Toronto,43.67,-79.42,M,NA,24,3.9,2.9,4.0,5.0,5.0,4.0,2.0
19,Kyle Luckey,United States of America,Moreno Valley,33.94,-117.23,M,NA,23,3.7,3.9,3.4,5.0,3.0,4.0,4.0
20,Rojesh Her,Japan,Tokyo,35.69,139.75,M,NA,22,3.8,3.6,3.6,2.0,4.0,4.0,3.0
21,David Weber,China,Peking,39.93,116.39,M,NA,20,3.9,3.9,3.9,2.0,3.0,4.0,5.0
22,Rachel Jambor,United States of America,Chicago,41.85,-87.65,F,NA,22,3.6,3.6,3.9,5.0,3.0,4.0,4.0
23,Mus'ab al-Moustafa,Pakistan,Rawalpindi,33.6,73.07,M,NA,23,3.8,3.9,3.8,2.0,2.0,5.0,4.0
24,Sila Nguyen,China,Hebi,35.9,114.19,M,NA,23,2.8,3.5,3.5,4.0,5.0,4.0,4.0
25,Samantha Hicks,United States of America,Santa Barbara,34.42,-119.7,F,NA,22,3.7,3.7,3.8,5.0,3.0,4.0,4.0
26,Angela Harding,United States of America,Manteca,37.8,-121.22,F,NA,22,3.1,2.9,3.2,5.0,3.0,5.0,5.0
27,Brandon Barbour,United States of America,South Hill,47.14,-122.27,M,NA,21,3.9,3.7,3.3,5.0,4.0,5.0,5.0
28,Reilly Wagar,United States of America,Modesto,37.64,-121.0,F,NA,23,3.4,3.2,3.7,5.0,5.0,4.0,5.0
29,Victoria Ibarra,Dominican Republic,Santo Domingo,18.47,-69.9,F,NA,22,3.4,3.8,4.0,4.0,5.0,5.0,5.0
30,Dakota Wirth,United States of America,Sacramento,38.58,-121.49,F,NA,22,3.4,3.9,3.6,5.0,3.0,5.0,5.0
31,Lauren Klocker,United States of America,Los Angeles,34.05,-118.24,F,NA,22,2.3,3.9,3.8,5.0,5.0,3.0,4.0
32,Michael Benson,United States of America,Phoenix,33.45,-112.07,M,NA,21,3.8,3.7,3.7,5.0,4.0,5.0,3.0
33,Sean Rozga,United States of America,Los Angeles,34.05,-118.24,M,NA,21,3.4,3.8,3.6,5.0,4.0,5.0,4.0
34,Cody Vermeylen,United States of America,Detroit,42.33,-83.05,M,NA,23,3.3,3.8,3.5,5.0,2.0,3.0,4.0
35,Kinaana al-Jamail,India,Kanpur,26.47,80.35,F,NA,22,3.3,3.8,3.7,3.0,4.0,4.0,4.0
36,Daniel Garcia,Peru,Lima,-12.05,-77.05,M,NA,22,3.7,3.1,3.0,3.0,5.0,5.0,5.0
37,Katrina Saito,Japan,Tokyo,35.69,139.75,F,NA,22,3.8,4.0,3.7,4.0,5.0,4.0,5.0
38,Joshua Galloway,United States of America,New York,40.71,-74.01,M,NA,24,3.3,3.3,3.6,5.0,4.0,5.0,5.0
39,Aylin Mendoza,Mexico,Mexico,19.43,-99.14,F,NA,22,3.0,2.3,3.9,4.0,2.0,4.0,4.0
40,Sharon Fyfe,United States of America,Los Angeles,34.05,-118.24,F,NA,22,3.7,3.0,3.8,5.0,4.0,5.0,4.0
41,Afnaan el-Mohammed,India,New Delhi,28.6,77.2,F,NA,22,1.7,3.5,3.9,2.0,5.0,5.0,4.0
42,Jesse Williams,Russian Federation,Moscow,55.75,37.62,F,NA,21,3.9,3.4,2.6,4.0,4.0,4.0,5.0
43,Kenny Fukushima,Japan,Tokyo,35.69,139.75,M,NA,22,3.9,2.9,3.3,4.0,5.0,5.0,5.0
44,Tawnie Glaisher,United States of America,Fremont,37.55,-121.99,F,NA,24,3.4,3.2,3.8,5.0,4.0,4.0,5.0
45,Britany Stevens,United States of America,Lafayette,37.89,-122.12,F,NA,23,3.6,3.3,3.5,5.0,3.0,3.0,3.0
46,Alan Trinh,Japan,Tokyo,35.69,139.75,M,NA,20,2.8,3.1,3.8,4.0,3.0,4.0,5.0
47,Zoe Kern,United States of America,West Jordan,40.61,-111.94,F,NA,22,2.1,4.0,3.4,5.0,4.0,5.0,4.0
48,Sidney Beavers,United States of America,Los Angeles,34.05,-118.24,M,NA,23,2.3,2.8,3.5,5.0,4.0,4.0,4.0
49,Miriam Aguilar,Mexico,Mexicali,32.65,-115.47,F,NA,22,3.6,3.8,2.8,2.0,4.0,4.0,4.0
50,Issac Mata,Mexico,Tehuacán,18.45,-97.38,M,NA,23,2.4,3.1,2.7,1.0,5.0,5.0,4.0
51,Hannah Uren,United States of America,Los Angeles,34.05,-118.24,F,NA,22,3.2,2.2,3.5,5.0,5.0,3.0,5.0
52,Zachary Bradley,Spain,Madrid,40.41,-3.69,M,NA,21,3.5,3.5,3.4,2.0,3.0,5.0,5.0
53,Moira Buttitto,United States of America,Los Angeles,34.05,-118.24,F,NA,23,1.9,2.8,3.2,5.0,4.0,5.0,5.0
54,Nicole Humpal,United States of America,Walnut Creek,37.91,-122.06,F,NA,22,3.9,3.7,4.0,5.0,3.0,5.0,3.0
55,Georgia Williams,United States of America,Memphis,35.15,-90.05,F,NA,23,2.9,3.6,3.1,5.0,5.0,5.0,2.0
56,Connor Ferry,United States of America,Charlotte,35.23,-80.84,M,NA,23,3.1,3.8,4.0,5.0,4.0,5.0,4.0
57,Amanda Tatum,United States of America,San Diego,32.72,-117.16,F,NA,22,3.5,2.3,3.7,5.0,4.0,5.0,4.0
58,Cameron Steinberg,United States of America,Los Angeles,34.05,-118.24,M,NA,20,2.1,3.9,3.9,5.0,5.0,5.0,5.0
59,Shuraih el-Karim,Pakistan,Khalabat,34.06,72.89,M,NA,22,3.1,2.1,2.3,4.0,4.0,4.0,4.0
60,Katelyn Sharp,United States of America,Los Angeles,34.05,-118.24,F,NA,20,3.9,3.7,2.8,5.0,5.0,3.0,5.0
61,Colin Lemont,China,Shanghai,31.05,121.4,M,NA,21,3.6,4.0,3.1,4.0,4.0,5.0,4.0
62,Donald Nevins,United States of America,San Jose,37.34,-121.89,M,NA,23,3.6,3.4,2.8,5.0,2.0,4.0,4.0
63,Macaela Kadillak,United States of America,Los Angeles,34.05,-118.24,F,NA,20,2.7,3.3,3.3,5.0,4.0,1.0,4.0
64,Brittany Pratt,United States of America,San Diego,32.72,-117.16,F,NA,22,3.0,3.1,3.1,5.0,3.0,4.0,4.0
65,Cameron Hancock,Poland,Warsaw,52.25,21.0,M,NA,21,3.9,3.8,3.0,3.0,4.0,3.0,4.0
66,William Grevious,United States of America,Stockton,37.96,-121.29,M,NA,22,3.4,3.4,3.1,5.0,3.0,5.0,5.0
67,Lindsey Job,United States of America,Los Angeles,34.05,-118.24,F,NA,23,2.7,3.7,1.8,5.0,4.0,5.0,4.0
68,Gabrielle Smith,Korea (Republic of),Seoul,37.6,126.98,F,NA,23,4.0,3.0,2.8,3.0,2.0,2.0,4.0
69,Allison Brink-Lomme,United States of America,Portland,45.52,-122.67,F,NA,24,2.8,3.6,4.0,5.0,4.0,3.0,1.0
70,Sheyenne Delgado-Manzanares,Cuba,Manzanillo,20.34,-77.12,F,NA,21,3.9,2.8,3.2,3.0,4.0,4.0,5.0
71,Joseph Smith,United States of America,Sacramento,38.58,-121.49,M,NA,21,3.7,3.7,2.8,5.0,5.0,4.0,4.0
72,Fikra al-Mina,India,Bombay,18.98,72.83,F,NA,21,3.1,2.4,3.3,3.0,1.0,5.0,4.0
73,Aurelia Davis Ingham,United States of America,Roseville,38.75,-121.29,F,NA,22,3.8,2.2,3.7,5.0,4.0,5.0,5.0
74,Taylor Elstun,United States of America,San Diego,32.72,-117.16,F,NA,21,2.3,3.7,3.6,5.0,5.0,4.0,5.0
75,Joseph Snider,United States of America,Los Angeles,34.05,-118.24,M,NA,21,3.2,2.6,3.0,5.0,5.0,4.0,5.0
76,Sourinthone Tran,China,Wuhan,30.58,114.27,M,NA,21,3.5,3.9,3.4,4.0,4.0,4.0,5.0
77,Ibrahim al-Sawaya,Tunisia,Manzil Tamim,36.78,10.99,M,NA,23,3.5,3.1,4.0,4.0,5.0,3.0,3.0
78,Alexandra Levy,United States of America,Los Angeles,34.05,-118.24,F,NA,23,3.1,2.5,3.7,5.0,4.0,3.0,5.0
79,Macie Nguyen,Japan,Tokyo,35.69,139.75,F,NA,23,3.1,3.8,3.8,4.0,2.0,4.0,3.0
80,Sean Tegtman,United States of America,Kettering,39.69,-84.17,M,NA,25,3.7,3.8,3.8,5.0,3.0,4.0,5.0
81,Casey Vanden Bos,United States of America,Los Angeles,34.05,-118.24,M,NA,22,2.7,2.6,3.3,5.0,5.0,5.0,4.0
82,Staci Maes,Mexico,Mexico,19.43,-99.14,F,NA,23,3.4,2.6,3.9,2.0,5.0,3.0,5.0
83,Luke Davey,United States of America,Los Angeles,34.05,-118.24,M,NA,26,3.8,3.4,3.7,5.0,4.0,5.0,3.0
84,Harper Wheeler-Marques,United States of America,San Diego,32.72,-117.16,F,NA,23,3.9,2.4,3.9,5.0,5.0,4.0,2.0
85,Sherleen Saravanan,Myanmar,Rangoon,16.78,96.17,F,NA,22,3.1,3.4,3.7,3.0,4.0,3.0,5.0
86,Myles Vaught,United States of America,Waukegan,42.36,-87.84,M,NA,21,3.4,3.8,3.9,5.0,3.0,4.0,4.0
87,Juan Guerrero Camacho,Mexico,Mexico,19.43,-99.14,M,NA,21,2.8,3.7,3.5,2.0,4.0,4.0,5.0
88,Lindsey Freund,United States of America,New York,40.71,-74.01,F,NA,20,3.3,2.3,3.9,5.0,3.0,5.0,5.0
89,Savannah Clark,United States of America,Visalia,36.33,-119.29,F,NA,20,2.8,3.5,2.6,5.0,3.0,4.0,4.0
90,Bradley Monsell,United States of America,New York,40.71,-74.01,M,NA,22,3.0,3.9,3.1,5.0,5.0,2.0,4.0
91,Daisha Schmidt,United States of America,Boulder,40.02,-105.27,F,NA,22,3.7,3.9,4.0,5.0,5.0,4.0,4.0
92,Airabella Koontz,United States of America,Dallas,32.78,-96.8,F,NA,22,2.7,3.3,3.4,5.0,4.0,5.0,4.0
93,Hailey Malle,Russian Federation,Nizhniy Novgorod,56.33,44.01,F,NA,22,3.7,2.5,3.2,2.0,3.0,3.0,5.0
94,Devon Miranda,Colombia,Pereira,4.81,-75.7,M,NA,20,3.7,3.7,3.8,1.0,5.0,5.0,5.0
95,Danielle Nguyen,Japan,Tokyo,35.69,139.75,F,NA,23,3.3,3.5,3.6,3.0,5.0,4.0,4.0
96,Mateo Cisneros,Brazil,Foz do Iguaçu,-25.55,-54.58,M,NA,23,3.0,3.4,2.9,4.0,4.0,4.0,5.0
97,William Pablo,Japan,Kashiwara,34.58,135.62,M,NA,24,2.9,3.3,3.1,4.0,2.0,5.0,4.0
98,Jason Hundsdorfer,United States of America,Los Angeles,34.05,-118.24,M,NA,20,3.9,3.9,4.0,5.0,3.0,3.5,3.0
99,Antonio Desai,Japan,Kawasaki,35.52,139.72,M,NA,22,2.2,3.9,3.9,3.0,5.0,4.0,5.0
100,Rachel Bakeman,United States of America,Phoenix,33.45,-112.07,F,NA,24,3.9,3.7,3.8,5.0,4.0,5.0,3.0
101,Mamdooh el-Moustafa,Pakistan,Karachi,24.91,67.08,M,NA,22,3.3,2.8,3.9,4.0,4.0,4.0,4.0
102,Lindsey Carter,United States of America,Redwood City,37.49,-122.24,F,NA,24,3.2,3.9,3.9,5.0,2.0,4.0,5.0
103,Duncan Kruse,United States of America,Santa Ana,33.75,-117.87,M,NA,23,3.7,3.8,3.7,5.0,1.0,5.0,4.0
104,Callahan Foster,Canada,Toronto,43.67,-79.42,other,NA,22,3.2,3.0,3.9,5.0,3.0,3.0,5.0
105,Jamie Ortiz,El Salvador,Nueva San Salvador,13.68,-89.28,F,NA,23,3.3,2.9,3.5,3.0,4.0,4.0,4.0
106,Ryan Barrett,United States of America,Chicago,41.85,-87.65,M,NA,20,3.7,3.2,4.0,5.0,5.0,4.0,1.0
107,Samuel Palmer,United States of America,New York,40.71,-74.01,M,NA,22,3.9,3.3,3.3,5.0,5.0,4.0,2.0
108,Riley Mcloughlin,United States of America,Los Angeles,34.05,-118.24,M,NA,23,3.6,3.6,3.3,5.0,5.0,4.0,4.0
109,Aimee Apelyan,United States of America,Joliet,41.52,-88.08,F,NA,24,3.3,3.8,3.8,5.0,4.0,4.0,4.0
110,Maryah Falloon,United States of America,Phoenix,33.45,-112.07,F,NA,23,3.9,3.7,3.9,5.0,3.0,4.0,5.0
111,Lucille Mitchell,Canada,Edmonton,53.55,-113.5,F,NA,22,3.5,3.6,2.6,5.0,5.0,4.0,4.0
112,Christian Zambrano-Munoz,Mexico,Mexicali,32.65,-115.47,M,NA,23,3.1,3.9,3.6,4.0,4.0,3.0,4.0
113,Bryce Vaillancourt,United States of America,Pomona,34.06,-117.75,M,NA,22,3.7,3.8,2.1,5.0,4.0,5.0,4.0
114,Brandilyn Collins,United States of America,Los Angeles,34.05,-118.24,F,NA,21,3.6,3.0,3.3,5.0,4.0,4.0,4.0
115,Konner Gearhart,United States of America,New York,40.71,-74.01,M,NA,22,3.9,3.7,3.3,5.0,4.0,3.0,3.0
116,Andrew Houghton,United States of America,Spokane,47.66,-117.42,M,NA,22,3.2,3.2,3.8,5.0,2.0,4.0,5.0
117,Marisa Ramey,Mexico,Mexico,19.43,-99.14,F,NA,22,3.2,4.0,3.8,4.0,3.0,3.0,4.0
118,Magdalynne Noah,United States of America,New York,40.71,-74.01,F,NA,22,3.2,3.8,3.8,5.0,3.0,4.0,4.0
119,Megan Salamena,United States of America,Los Angeles,34.05,-118.24,F,NA,23,3.9,3.9,3.1,5.0,4.0,4.0,5.0
120,Meghan Arnold,Russian Federation,Saint Petersburg,59.89,30.26,F,NA,24,4.0,3.9,3.3,3.0,5.0,3.0,3.0
121,James Rice,Canada,Toronto,43.67,-79.42,M,NA,20,3.9,2.4,3.6,5.0,4.0,3.0,4.0
122,Wesley Nunn,United States of America,Los Angeles,34.05,-118.24,M,NA,23,3.9,4.0,2.1,5.0,5.0,5.0,3.0
123,Gareth Newkirk,United States of America,Los Angeles,34.05,-118.24,M,NA,21,4.0,3.2,3.9,5.0,4.0,5.0,4.0
124,Austin Harline,United States of America,Las Vegas,36.17,-115.14,M,NA,21,2.8,3.8,3.8,5.0,5.0,5.0,4.0
125,Courtney Martinez,Mexico,Aguascalientes,21.88,-102.3,F,NA,20,3.7,3.7,3.7,3.0,4.0,5.0,5.0
126,Alexandra Graham,United States of America,Los Angeles,34.05,-118.24,F,NA,22,3.4,3.5,2.8,5.0,4.0,3.0,5.0
127,Alexander Swearingen,United States of America,Los Angeles,34.05,-118.24,M,NA,22,3.9,2.8,4.0,5.0,3.0,4.0,4.0
128,Brandy Waldner,Germany,Zülpich,50.7,6.65,F,NA,20,3.2,3.5,3.9,3.0,5.0,5.0,5.0
129,Coleman Keelen,Spain,Callosa de Segura,38.12,-0.88,M,NA,24,3.4,4.0,3.4,4.0,4.0,4.0,4.0
130,Casey Buhr,United States of America,Phoenix,33.45,-112.07,M,NA,21,3.7,3.2,2.5,5.0,2.0,3.0,5.0
131,Shauna Sneed,United States of America,Burlingame,37.58,-122.36,F,NA,19,2.7,3.7,3.7,5.0,5.0,4.0,5.0
132,Caitlin Dean,United States of America,Philadelphia,39.95,-75.16,F,NA,22,3.9,3.7,3.1,5.0,4.0,4.0,4.0
133,Andrew Kirin,United States of America,Odessa,31.85,-102.37,M,NA,25,3.8,2.2,3.0,5.0,3.0,2.0,3.0
134,Nadia Minks,Russian Federation,Moscow,55.75,37.62,F,NA,24,3.8,3.1,3.5,4.0,2.0,5.0,5.0
135,Ivy Lucero,Brazil,São Paulo,-23.47,-46.67,F,NA,24,3.9,3.6,3.2,3.0,4.0,4.0,4.0
136,Kevin Curry,United States of America,Phoenix,33.45,-112.07,M,NA,23,3.9,3.0,3.7,5.0,5.0,5.0,5.0
137,Charles Cramer,United States of America,East Los Angeles,34.02,-118.17,M,NA,23,3.1,3.5,3.8,5.0,4.0,5.0,4.0
138,Emily Warner,United States of America,Lodi,38.13,-121.27,F,NA,21,3.5,3.2,3.9,5.0,3.0,5.0,4.0
139,Mckenzie Haycock,Canada,Toronto,43.67,-79.42,F,NA,20,3.8,2.3,3.7,5.0,5.0,4.0,3.0
140,Faviola Soto,Mexico,Cortazar,20.48,-100.93,F,NA,19,4.0,3.8,3.9,3.7,5.0,5.0,4.0
141,Stephen Wharton,Mexico,Tuxtla Gutiérrez,16.75,-93.12,M,NA,21,2.1,3.7,3.8,4.0,4.0,5.0,3.0
142,Alexandria Fortner,United States of America,Phoenix,33.45,-112.07,F,NA,20,3.9,3.8,3.8,5.0,4.0,4.0,5.0
143,Savannah Kivett,United States of America,Colorado Springs,38.83,-104.82,F,NA,21,3.8,3.9,3.8,5.0,4.0,4.0,5.0
144,Tanner Jones,United States of America,Stockton,37.96,-121.29,M,NA,23,3.9,3.7,3.7,5.0,4.0,5.0,5.0
145,Luisa Bautista,Mexico,Mexico,19.43,-99.14,F,NA,21,3.3,3.0,3.4,3.0,4.0,4.0,4.0
146,Juhaina al-Bilal,Bangladesh,Dhaka,23.72,90.41,F,NA,20,3.9,3.9,3.9,5.0,5.0,4.0,5.0
147,Siena Ingram,United States of America,Henderson,36.04,-114.98,F,NA,21,3.8,3.7,3.8,5.0,5.0,3.0,5.0
148,Alondra Gardea Corral,Mexico,Ensenada,31.87,-116.62,F,NA,20,2.2,3.8,3.1,2.0,3.0,4.0,2.0
149,Vincent Webster,United States of America,New York,40.71,-74.01,M,NA,23,2.0,3.7,3.4,5.0,4.0,3.0,5.0
150,Abdul Jabbaar el-Abdul,Egypt,Cairo,30.05,31.25,M,NA,20,1.5,3.5,3.2,3.0,3.0,5.0,4.0
151,Patrick Carnes,United States of America,Mesa,33.42,-111.82,M,NA,22,2.4,3.5,3.6,5.0,3.0,5.0,5.0
152,Shawn O Bryan,United States of America,Fairfield,38.25,-122.04,M,NA,23,2.9,3.7,1.5,5.0,3.0,5.0,3.0
153,Jenna Whitney,United States of America,San Diego,32.72,-117.16,F,NA,23,3.7,2.9,3.9,5.0,3.0,4.0,5.0
154,Kaitlin Krueger,United States of America,Los Angeles,34.05,-118.24,F,NA,24,3.7,3.9,4.0,5.0,4.0,5.0,4.0
155,Jaime Mikesell,United States of America,Los Angeles,34.05,-118.24,F,NA,20,3.9,3.7,3.7,5.0,4.0,5.0,4.0
156,Katelynn Andrie,United States of America,Kansas City,39.1,-94.58,F,NA,23,3.0,3.9,3.9,5.0,5.0,5.0,5.0
157,Maryn Manzanares,United States of America,Laguna Hills,33.61,-117.71,F,NA,21,3.9,3.2,3.2,5.0,2.0,4.0,4.0
158,Colleen Kohout,United States of America,Philadelphia,39.95,-75.16,F,NA,22,3.5,3.8,3.1,5.0,4.0,4.0,4.0
159,Daniel Spurlin,United States of America,San Jose,37.34,-121.89,M,NA,24,3.9,3.9,3.7,5.0,5.0,5.0,3.0
160,Trevor Bulba,United States of America,Chicago,41.85,-87.65,M,NA,21,3.9,3.8,3.8,5.0,5.0,4.0,5.0
161,Jordan Burkhamer,United States of America,San Jose,37.34,-121.89,F,NA,23,3.0,3.9,3.7,5.0,5.0,4.0,4.0
162,Rebecca Ah Fat,China,Tangshan,37.33,114.7,F,NA,22,1.8,3.8,4.0,4.0,4.0,3.0,4.0
163,Christopher Jacobo,United States of America,Los Angeles,34.05,-118.24,M,NA,21,3.4,2.7,3.9,5.0,4.0,4.0,3.0
164,Min Singal,Japan,Tokyo,35.69,139.75,F,NA,24,3.8,2.9,2.9,4.0,5.0,3.0,2.0
165,Corey Rademacher,Ukraine,Chernihiv,51.51,31.28,M,NA,22,3.1,3.3,3.9,3.0,4.0,5.0,4.0
166,Alexander Reed,United States of America,Los Angeles,34.05,-118.24,M,NA,22,3.0,2.7,3.8,5.0,4.0,2.0,5.0
167,Dalen Whiting,United States of America,Carrollton,32.95,-96.89,F,NA,23,2.8,3.9,3.3,5.0,5.0,5.0,5.0
168,Chelsea Persky,United States of America,San Bernardino,34.11,-117.29,F,NA,23,3.9,3.4,4.0,5.0,3.0,3.0,4.0
169,Karla Taylor,Mexico,Mexico,19.43,-99.14,F,NA,21,3.7,3.0,3.7,4.0,4.0,3.0,2.0
170,Kaden Yates,United States of America,Salinas,36.68,-121.65,M,NA,23,3.6,3.4,4.0,5.0,5.0,4.0,3.0
171,Maimoona el-Soliman,Turkey,Ankara,39.91,32.84,F,NA,21,2.8,2.6,3.9,3.0,4.0,3.0,4.0
172,Aaqil el-Hashemi,India,Bangalore,12.98,77.58,M,NA,21,3.4,3.0,3.6,3.0,5.0,5.0,4.0
173,Sean Bruso,United Kingdom,London,51.51,-0.09,M,NA,19,3.2,3.7,3.9,5.0,3.0,5.0,4.0
174,Andrew Bishop,United States of America,Los Angeles,34.05,-118.24,M,NA,22,4.0,3.7,3.8,5.0,3.0,3.0,3.0
175,Zahraaa el-Yousef,India,Hospet,15.27,76.4,F,NA,22,3.9,3.7,3.8,4.0,4.0,4.0,4.0
176,Surya Ky,China,Tangshan,37.33,114.7,M,NA,21,3.7,4.0,3.8,4.0,4.0,4.0,5.0
177,George Mann,Russian Federation,Moscow,55.75,37.62,M,NA,23,3.9,3.9,4.0,4.0,5.0,5.0,5.0
178,Latino Calderon,Mexico,Hermosillo,29.07,-110.97,M,NA,23,3.6,3.0,3.0,3.0,5.0,4.0,4.0
179,Baylen Cloutier,United States of America,Phoenix,33.45,-112.07,M,NA,22,3.9,3.4,3.7,5.0,3.0,5.0,3.0
180,Nicole Torres-Valadez,Brazil,Rio de Janeiro,-22.9,-43.23,F,NA,24,3.9,3.1,3.0,1.0,4.0,5.0,4.0
181,Addie Villavicencio,United States of America,San Jose,37.34,-121.89,F,NA,20,4.0,3.5,3.2,5.0,5.0,5.0,4.0
182,Billy Jack Bestle,United States of America,Baltimore,39.29,-76.61,M,NA,22,3.7,4.0,3.8,5.0,5.0,4.0,5.0
183,Isabella Martinez,Colombia,Bogotá,4.65,-74.06,F,NA,23,2.6,4.0,2.7,4.0,3.0,4.0,3.0
184,Kimberly Thielke,United States of America,Los Angeles,34.05,-118.24,F,NA,21,3.8,3.9,3.3,5.0,3.0,5.0,5.0
185,Adrian Miguel-Gomez,Colombia,Medellín,6.25,-75.56,M,NA,22,3.7,3.3,2.2,4.0,4.0,4.0,5.0
186,Kayla Sales,United States of America,Quincy,42.25,-71.0,F,NA,22,2.1,3.1,4.0,5.0,5.0,4.0,5.0
187,Haafiza al-Attar,Morocco,Rabat,34.01,-6.84,F,NA,21,2.4,3.6,3.8,3.0,3.0,5.0,3.0
188,Juanita Medina,Mexico,Mexico,19.43,-99.14,F,NA,22,3.8,3.9,3.7,4.0,3.0,5.0,4.0
189,Emma Kim,China,Hengshui,37.73,115.7,F,NA,22,2.8,3.9,3.8,2.0,4.0,4.0,4.0
190,Mckayla Dopler,Netherlands,Kerkrade,50.87,6.07,F,NA,21,2.5,3.5,3.7,4.0,2.0,4.0,4.0
191,Jonathan Nevarez,Mexico,Mexico,19.43,-99.14,M,NA,23,2.7,2.6,3.6,5.0,4.0,5.0,5.0
192,Roger Redfern,United States of America,Los Angeles,34.05,-118.24,M,NA,21,3.9,3.9,3.1,5.0,5.0,3.0,4.0
193,Hannah Critchfield,United States of America,New York,40.71,-74.01,F,NA,21,3.5,3.3,3.6,5.0,5.0,4.0,5.0
194,Chue Fue Richter,China,Qiqihar,47.34,123.97,M,NA,23,3.0,3.6,1.4,4.0,5.0,3.0,4.0
195,Joshua Mesan,United States of America,San Jose,37.34,-121.89,M,NA,24,4.0,3.8,3.7,5.0,5.0,4.0,5.0
196,Dylan Bell,United States of America,Tucson,32.22,-110.93,M,NA,20,3.3,3.8,3.5,5.0,5.0,4.0,4.0
197,Troy White,United States of America,New York,40.71,-74.01,M,NA,22,4.0,3.6,3.4,5.0,4.0,4.0,5.0
198,Sabaaha al-Latif,India,Bangalore,12.98,77.58,F,NA,22,3.7,2.7,3.0,3.0,5.0,3.0,5.0
199,Grant Walden,United States of America,San Diego,32.72,-117.16,M,NA,22,3.8,3.3,3.3,5.0,5.0,4.0,5.0
200,Kitty Nguyen,Japan,Tokyo,35.69,139.75,F,NA,25,3.4,3.2,2.9,4.0,4.0,3.0,5.0
201,Tyler Kibel,United States of America,Santa Ana,33.75,-117.87,M,NA,24,4.0,3.2,3.8,5.0,5.0,3.0,4.0
202,Kyler Overboe,United States of America,Chicago,41.85,-87.65,M,NA,21,3.2,4.0,3.5,5.0,4.0,3.0,4.0
203,Alexander Lizama,Brazil,Belo Horizonte,-19.92,-43.93,M,NA,21,3.9,3.7,3.9,3.0,4.0,5.0,4.0
204,Aaron Knott,United States of America,Santa Ana,33.75,-117.87,M,NA,23,3.2,3.6,3.7,5.0,4.0,5.0,4.0
205,Jessica Greenberg,United States of America,Joplin,37.08,-94.51,F,NA,23,3.6,3.7,2.8,5.0,4.0,4.0,5.0
206,Lexi Hatton,United States of America,Los Angeles,34.05,-118.24,F,NA,23,3.3,2.7,4.0,5.0,4.0,5.0,5.0
207,Jesse Hodapp,United States of America,Danville,37.82,-122.0,M,NA,21,3.8,3.0,3.5,5.0,4.0,2.0,2.0
208,Andrew Brunelli,United States of America,New York,40.71,-74.01,M,NA,23,3.4,3.8,4.0,5.0,4.0,3.0,3.0
209,Makenzie Swann,United States of America,Stockton,37.96,-121.29,F,NA,22,3.4,2.8,3.1,5.0,5.0,5.0,4.0
210,Carlos Anaya,Mexico,Mexico,19.43,-99.14,M,NA,24,3.7,3.7,3.7,4.0,4.0,5.0,5.0
211,Felipe Martinez Acosta,Chile,Santiago,-33.45,-70.67,M,NA,21,3.7,3.7,4.0,3.0,4.0,3.0,5.0
212,Emma Casias,United States of America,Rochester,43.15,-77.62,F,NA,22,3.2,3.7,3.2,5.0,4.0,3.0,5.0
213,Adolf Malik,Korea (Republic of),Seoul,37.6,126.98,M,NA,21,3.1,3.5,3.6,3.0,4.0,4.0,3.0
214,Christian Chow,China,Handan,36.57,114.53,M,NA,21,2.6,3.9,3.4,4.0,5.0,5.0,5.0
215,Asad el-Yacoub,India,Thana,19.2,72.97,M,NA,22,2.6,3.3,4.0,3.0,5.0,4.0,4.0
216,Holly Marshall,United States of America,San Francisco,37.77,-122.42,F,NA,22,3.0,2.7,2.0,5.0,3.0,4.0,4.0
217,Brandilyn Hanselman,Russian Federation,Chelyabinsk,55.15,61.43,F,NA,21,2.0,3.5,2.2,4.0,4.0,5.0,4.0
218,Nicole Patria,China,Chongqing,29.56,106.55,F,NA,24,3.9,3.3,3.0,2.0,3.0,5.0,5.0
219,Kyler Grieshaber,United States of America,Cohoes,42.77,-73.7,M,NA,22,3.6,3.4,4.0,5.0,4.0,3.0,5.0
220,Jasper Stang,United States of America,Sacramento,38.58,-121.49,M,NA,24,3.6,3.9,3.3,5.0,5.0,5.0,5.0
221,Anthony Visocsky,United States of America,Santa Rosa,38.44,-122.71,M,NA,21,3.4,2.4,4.0,5.0,2.0,4.0,4.0
222,Jake Seime,United States of America,Reno,39.53,-119.81,M,NA,22,2.4,3.9,3.7,5.0,4.0,4.0,5.0
223,Dasha Bannock Lee,United States of America,San Diego,32.72,-117.16,other,NA,20,2.8,3.3,4.0,5.0,4.0,3.0,2.0
224,Anthony Mcdevitt,United States of America,Los Angeles,34.05,-118.24,M,NA,24,3.1,4.0,3.9,5.0,4.0,5.0,3.0
225,Darby Focken,United States of America,Hinsdale,41.8,-87.94,F,NA,21,3.5,2.5,3.7,5.0,4.0,4.0,4.0
226,Abigail Gallegos,Brazil,Belém,-1.45,-48.48,F,NA,24,3.4,3.0,2.1,4.0,3.0,3.0,4.0
227,Patricia Rockhold,United States of America,San Francisco,37.77,-122.42,F,NA,21,4.0,3.5,3.4,5.0,5.0,4.0,5.0
228,Kylie Schafer,United States of America,Houston,29.76,-95.36,F,NA,22,3.1,3.0,3.3,5.0,5.0,5.0,4.0
229,Katherine Beatty,United States of America,Los Angeles,34.05,-118.24,F,NA,19,4.0,2.4,3.9,5.0,4.0,5.0,4.0
230,Melissa Bickel,United Kingdom,London,51.51,-0.09,F,NA,22,3.6,2.6,2.5,5.0,4.0,4.0,4.0
231,Rachel Boh,United States of America,Roseville,38.75,-121.29,F,NA,22,3.8,3.9,2.9,5.0,4.0,3.0,2.0
232,Anna Yoshimura,China,Rizhao,35.39,119.55,F,NA,20,3.5,3.8,3.9,4.0,5.0,5.0,2.0
233,Joseph Hazelton,United States of America,Oakland,37.8,-122.27,M,NA,22,3.5,4.0,3.9,5.0,5.0,4.0,5.0
234,Tiffany Nguyen,Thailand,Bangkok,13.75,100.5,F,NA,22,3.3,3.9,3.9,2.0,5.0,4.0,5.0
235,Ryan Tyler,United States of America,Los Angeles,34.05,-118.24,M,NA,20,3.7,3.5,3.5,5.0,4.0,5.0,5.0
236,Max Flores,Mexico,Tijuana,32.53,-117.02,M,NA,23,3.9,2.8,2.5,4.0,4.0,5.0,5.0
237,Veronica Tounzen,Mexico,Tijuana,32.53,-117.02,F,NA,21,3.8,3.5,3.5,4.0,4.0,4.0,5.0
238,Haley Ingrim-Hyrup,United States of America,Fontana,34.09,-117.43,F,NA,22,3.2,3.6,2.6,5.0,2.0,4.0,3.0
239,Kayla Sandefur,United States of America,Los Angeles,34.05,-118.24,F,NA,23,3.5,3.1,3.5,5.0,5.0,4.0,5.0
240,Rylee Onstott,United States of America,Los Angeles,34.05,-118.24,other,NA,21,4.0,3.8,3.8,5.0,5.0,5.0,3.0
241,Kelli De Bartolome,United States of America,San Francisco,37.77,-122.42,F,NA,23,3.4,3.4,3.5,5.0,2.0,5.0,4.0
242,Thomas Chanlynn,United States of America,Bay Point,38.03,-121.96,M,NA,22,2.4,3.0,3.8,5.0,3.0,4.0,3.0
243,Andrew Yelich,United States of America,Boulder,40.02,-105.27,M,NA,24,2.0,3.9,3.3,5.0,4.0,4.0,4.0
244,Dimitri Castillo,Colombia,Dos Quebradas,4.84,-75.67,M,NA,21,3.9,3.0,3.8,3.0,2.0,4.0,4.0
245,Matthew Strasburger,United States of America,Los Angeles,34.05,-118.24,M,NA,21,3.9,3.9,2.9,5.0,4.0,4.0,4.0
246,Vittoria Faulkner,United States of America,Chicago,41.85,-87.65,F,NA,22,4.0,3.6,2.5,5.0,5.0,4.0,4.0
247,Tyler Goetz,United States of America,Los Angeles,34.05,-118.24,M,NA,22,3.7,3.5,2.8,5.0,5.0,4.0,2.0
248,Tyler Weller,United States of America,New York,40.71,-74.01,M,NA,22,3.7,3.2,3.1,5.0,4.0,3.0,5.0
249,Terri Mergelman,United States of America,Los Angeles,34.05,-118.24,F,NA,23,2.7,3.9,3.0,5.0,4.0,4.0,4.0
250,Abigail Orgeron,United States of America,Prior Lake,44.71,-93.42,F,NA,23,3.2,3.0,3.8,5.0,5.0,5.0,4.0
251,Jessica Huynh,Korea (Republic of),Seoul,37.6,126.98,F,NA,22,3.5,2.7,3.2,2.0,5.0,3.0,5.0
252,Kyle Blanscet,United States of America,Sabattus,44.12,-70.11,M,NA,23,3.8,3.5,3.7,5.0,4.0,4.0,5.0
253,Ronald Toth,United States of America,Los Angeles,34.05,-118.24,M,NA,23,2.7,3.5,3.7,5.0,4.0,3.0,4.0
254,Branden Cantrell,United States of America,Phoenix,33.45,-112.07,M,NA,23,2.7,4.0,3.9,5.0,5.0,5.0,5.0
255,Hannah Ratterman,United States of America,Los Angeles,34.05,-118.24,F,NA,23,3.5,3.4,3.7,5.0,2.0,5.0,5.0
256,Alexandria Winter,United States of America,New York,40.71,-74.01,F,NA,24,3.8,3.8,2.2,5.0,5.0,3.0,4.0
257,Ryan Russell,United States of America,Vacaville,38.36,-121.99,M,NA,22,3.0,3.4,3.7,5.0,3.0,5.0,3.0
258,Logan Nighswonger,United States of America,Los Angeles,34.05,-118.24,M,NA,21,2.7,4.0,3.9,5.0,4.0,3.0,5.0
259,Zaghlool al-Pasha,India,Deoria,26.5,83.79,M,NA,21,2.3,3.8,3.8,4.0,5.0,5.0,5.0
260,Madeline Kremke,United States of America,Montgomery Village,39.18,-77.2,F,NA,22,3.2,3.6,2.6,5.0,4.0,4.0,4.0
261,John Ferry,United States of America,Long Beach,33.77,-118.19,M,NA,21,3.8,2.4,3.8,5.0,4.0,2.0,5.0
262,Michelle Goldanloo,United States of America,San Diego,32.72,-117.16,F,NA,22,3.3,2.8,3.9,5.0,5.0,5.0,4.0
263,Ryan Heidebrecht,United States of America,San Jose,37.34,-121.89,M,NA,22,3.9,3.7,3.8,5.0,5.0,3.5,5.0
264,Murtidevi Chung,Japan,Tokyo,35.69,139.75,F,NA,21,2.9,3.9,3.5,2.0,4.0,5.0,4.0
265,Arely Rodriguez,Mexico,Morelia,19.7,-101.12,F,NA,21,3.9,3.5,3.6,4.0,4.0,4.0,3.0
266,Taylor Stone,United States of America,Reno,39.53,-119.81,F,NA,22,3.0,3.0,3.5,5.0,5.0,5.0,3.0
267,Melody Bowyer,United States of America,Baytown,29.74,-94.98,F,NA,21,3.2,3.5,3.3,5.0,4.0,4.0,5.0
268,Bryant Ronquillo,Mexico,Aguascalientes,21.88,-102.3,M,NA,20,4.0,3.2,3.5,4.0,3.0,5.0,3.0
269,Garrett Heim,United States of America,Mobile,30.69,-88.04,M,NA,20,4.0,3.2,3.1,5.0,4.0,4.0,5.0
270,Cody Amen,United States of America,Las Vegas,36.17,-115.14,M,NA,23,3.6,3.9,3.7,5.0,4.0,4.0,4.0
271,Jasmine Lopez,Brazil,Guaxupé,-21.3,-46.7,F,NA,21,3.8,3.8,1.5,4.0,4.0,3.0,4.0
272,William Tierney,United States of America,New York,40.71,-74.01,M,NA,21,3.8,2.1,3.0,5.0,3.0,4.0,4.0
273,Matthew Sputh,United States of America,Modesto,37.64,-121.0,M,NA,22,3.2,2.6,4.0,5.0,3.0,3.0,5.0
274,Brenna Chapman,United States of America,Las Vegas,36.17,-115.14,F,NA,21,3.5,3.8,3.3,5.0,5.0,4.0,5.0
275,Blake Loughran,United States of America,San Francisco,37.77,-122.42,M,NA,21,4.0,3.0,3.4,5.0,4.0,3.0,4.0
276,Michael Melendrez,United States of America,Shreveport,32.52,-93.75,M,NA,22,3.4,3.8,3.2,5.0,4.0,4.0,4.0
277,Katie Abercrombie,United States of America,Stockton,37.96,-121.29,F,NA,21,3.8,3.8,3.6,5.0,3.0,5.0,4.0
278,Justin Krause,United States of America,Independence,39.09,-94.42,M,NA,21,3.9,2.6,2.8,5.0,3.0,5.0,5.0
279,Jennifer Hauge,United States of America,Los Angeles,34.05,-118.24,F,NA,23,2.6,3.0,2.3,5.0,4.0,4.0,4.0
280,Tiffanie Her,Japan,Tokyo,35.69,139.75,F,NA,22,3.4,4.0,3.6,3.0,4.0,4.0,3.0
281,Dyllan Paige,United States of America,Sugar Land,29.62,-95.63,M,NA,20,2.9,3.1,2.6,5.0,5.0,5.0,4.0
282,Cole Hathcoat,United States of America,Lemoore,36.3,-119.78,M,NA,23,2.4,3.6,2.8,5.0,3.0,5.0,5.0
283,Jesse Carballo,Colombia,Bogotá,4.65,-74.06,M,NA,20,3.8,3.9,3.9,4.0,5.0,4.0,4.0
284,Robert Podolski,United States of America,Oakland,37.8,-122.27,M,NA,22,3.7,3.3,2.4,5.0,4.0,4.0,4.0
285,Viridiana Ballesteros,Brazil,Alfenas,-21.43,-45.95,F,NA,22,2.8,3.5,3.9,4.0,4.0,5.0,5.0
286,Michael Griffin,United States of America,New York,40.71,-74.01,M,NA,21,4.0,4.0,4.0,5.0,3.0,5.0,5.0
287,Chad Klemp,United States of America,San Diego,32.72,-117.16,M,NA,22,3.9,2.6,4.0,5.0,4.0,4.0,5.0
288,Weldon Hightower,United States of America,New York,40.71,-74.01,M,NA,20,2.6,2.1,3.2,5.0,4.0,5.0,5.0
289,Daniel Pierce,United States of America,New York,40.71,-74.01,M,NA,24,3.3,2.8,3.9,5.0,5.0,4.0,5.0
290,Michaela Schoenbeck,United States of America,Rexburg,43.83,-111.79,F,NA,22,3.9,4.0,3.3,5.0,5.0,4.0,4.0
291,Charles Prose,United States of America,Miami,25.77,-80.19,M,NA,24,3.7,3.2,2.8,5.0,4.0,4.0,5.0
292,Brittany Kemmerzell,United States of America,New York,40.71,-74.01,F,NA,23,3.2,3.4,3.7,5.0,4.0,5.0,3.0
293,Taryn Springfield,Canada,Vancouver,49.25,-123.13,F,NA,20,3.5,3.7,3.4,5.0,5.0,5.0,5.0
294,Matthew Obourn,United States of America,San Diego,32.72,-117.16,M,NA,23,3.9,4.0,3.9,5.0,4.0,4.0,4.0
295,Travis Poss,United States of America,Los Angeles,34.05,-118.24,M,NA,23,2.3,3.0,3.5,5.0,1.0,5.0,5.0
296,Brittany Fernandez,Mexico,Zamora,19.98,-102.27,F,NA,23,3.9,3.7,2.9,4.0,3.0,4.0,4.0
297,Cody Smith,United States of America,Charlotte,35.23,-80.84,M,NA,23,3.8,3.5,3.9,5.0,5.0,2.0,5.0
298,Nicolas Papp,United States of America,New York,40.71,-74.01,M,NA,23,2.7,3.7,3.9,5.0,5.0,4.0,4.0
299,Christopher Inhulsen,United States of America,Fort Worth,32.73,-97.32,M,NA,23,3.1,3.3,2.9,5.0,2.0,4.0,4.0
300,Tessa Rawanduzy,United States of America,Derby,37.55,-97.27,F,NA,21,3.3,3.3,2.0,5.0,3.0,3.0,5.0
301,Vanessa Gonzalez,Nicaragua,León,12.44,-86.88,F,NA,24,3.3,3.7,3.8,3.0,5.0,5.0,4.0
302,Austin Haas,United States of America,Columbus,39.96,-83.0,M,NA,20,3.6,3.7,3.1,5.0,4.0,5.0,5.0
303,Madison Fithian,United States of America,Los Angeles,34.05,-118.24,F,NA,20,3.6,3.9,4.0,5.0,5.0,5.0,3.0
304,Zachary Mulvahill,United States of America,Los Angeles,34.05,-118.24,M,NA,20,3.2,3.4,3.9,5.0,5.0,5.0,3.0
305,Eliana Michelsen,United States of America,Oakland,37.8,-122.27,F,NA,23,3.0,2.8,2.9,5.0,4.0,4.0,5.0
306,Dane Whittemore,Canada,Toronto,43.67,-79.42,M,NA,21,3.8,3.2,4.0,5.0,5.0,4.0,5.0
